{
	"info": {
		"_postman_id": "a28e3c2e-1c82-41f4-8d30-70b197e215de",
		"name": "NX Academy",
		"schema": "https://schema.getpostman.com/json/collection/v2.1.0/collection.json",
		"_exporter_id": "25246213"
	},
	"item": [
		{
			"name": "Clients",
			"item": [
				{
					"name": "Create Client",
					"event": [
						{
							"listen": "test",
							"script": {
								"exec": [
									"var jsonData = JSON.parse(responseBody);\r",
									"pm.environment.set(\"ClientDNI\", jsonData['dni']);"
								],
								"type": "text/javascript"
							}
						}
					],
					"request": {
						"method": "POST",
						"header": [],
						"body": {
							"mode": "raw",
							"raw": "{\r\n    \"firstname\":\"Belen\",\r\n    \"lastname\":\"Gomez\",\r\n    \"dni\":\"3332233\",\r\n    \"birthdate\":\"03-23-1986\"\r\n}",
							"options": {
								"raw": {
									"language": "json"
								}
							}
						},
						"url": {
							"raw": "{{GATEWAY_URL}}/clients",
							"host": [
								"{{GATEWAY_URL}}"
							],
							"path": [
								"clients"
							]
						}
					},
					"response": []
				},
				{
					"name": "Update Client",
					"request": {
						"method": "PATCH",
						"header": [],
						"body": {
							"mode": "raw",
							"raw": "{\r\n    \"birthdate\": \"02-27-1975\"\r\n\r\n}",
							"options": {
								"raw": {
									"language": "json"
								}
							}
						},
						"url": {
							"raw": "https://training.cloudnaranja.com/enzovignolo-integrador/clients/:dni",
							"protocol": "https",
							"host": [
								"training",
								"cloudnaranja",
								"com"
							],
							"path": [
								"enzovignolo-integrador",
								"clients",
								":dni"
							],
							"query": [
								{
									"key": "",
									"value": null,
									"disabled": true
								}
							],
							"variable": [
								{
									"key": "dni",
									"value": "{{ClientDNI}}",
									"description": "DNI del cliente a actualizar"
								}
							]
						}
					},
					"response": []
				},
				{
					"name": "Delete Client",
					"request": {
						"method": "DELETE",
						"header": [],
						"url": {
							"raw": "{{GATEWAY_URL}}/clients/:dni",
							"host": [
								"{{GATEWAY_URL}}"
							],
							"path": [
								"clients",
								":dni"
							],
							"variable": [
								{
									"key": "dni",
									"value": "{{ClientDNI}}"
								}
							]
						}
					},
					"response": []
				},
				{
					"name": "Get All Clients",
					"protocolProfileBehavior": {
						"disableBodyPruning": true
					},
					"request": {
						"method": "GET",
						"header": [],
						"body": {
							"mode": "raw",
							"raw": "{\r\n    \"firstname\":\"Gisel\",\r\n    \"lastname\":\"Marinoff\",\r\n    \"dni\":\"36436823\",\r\n    \"birthdate\":\"02-27-1991\"\r\n}",
							"options": {
								"raw": {
									"language": "json"
								}
							}
						},
						"url": {
							"raw": "{{GATEWAY_URL}}/clients",
							"host": [
								"{{GATEWAY_URL}}"
							],
							"path": [
								"clients"
							]
						}
					},
					"response": []
				},
				{
					"name": "Get Client by DNI",
					"request": {
						"method": "GET",
						"header": [],
						"url": {
							"raw": "{{GATEWAY_URL}}/clients/:dni",
							"host": [
								"{{GATEWAY_URL}}"
							],
							"path": [
								"clients",
								":dni"
							],
							"variable": [
								{
									"key": "dni",
									"value": "{{ClientDNI}}"
								}
							]
						}
					},
					"response": []
				}
			]
		},
		{
			"name": "Purchases",
			"item": [
				{
					"name": "Create Purchase",
					"request": {
						"method": "POST",
						"header": [],
						"body": {
							"mode": "raw",
							"raw": "{\r\n    \"products\":[{\"name\":\"lapiz\",\"price\":300},{\"name\":\"televisor\",\"price\":30000}],\r\n    \"dni\":\"{{ClientDNI}}\"\r\n \r\n}",
							"options": {
								"raw": {
									"language": "json"
								}
							}
						},
						"url": {
							"raw": "{{GATEWAY_URL}}/purchases",
							"host": [
								"{{GATEWAY_URL}}"
							],
							"path": [
								"purchases"
							]
						}
					},
					"response": []
				}
			]
		}
	]
}